url,gtm
https://hcp.galdermaaesthetics.com/,GTM-PDMJZSR
https://www.galdermaaesthetics.com.au/,GTM-5KRXZFD
https://www.galdermaaesthetics.com.br,GTM-PW8P8KC
https://www.benzac.com/au,GTM-T6DWFZN
https://www.cetaphil.com.ar,GTM-PK5VFJD
https://www.cetaphil.com.au,GTM-M4RM4HG
https://www.cetaphil.be,GTM-TLJJ9SN
https://www.cetaphil.com.br,GTM-T3V8HXR
https://www.cetaphil.cl,GTM-T3V8HXR
https://www.cetaphil.com.co,GTM-MWJLMC5
https://www.cetaphil.com/hr ,GTM-PQXKZTD
https://www.cetaphil.de,GTM-N73SKGT
https://www.cetaphil.com/gr,GTM-N539WDT
https://www.cetaphil.com.hk,GTM-K863V53
https://www.cetaphil.in/,GTM-5QM3X6F
https://www.cetaphil.co.id,GTM-P6T5S2T
https://www.cetaphil.com/il/,GTM-P6PD44R
https://www.cetaphil.co.kr,GTM-TW8MV6B
https://www.cetaphil.com.my,GTM-NPJX5NF
https://www.cetaphil.com.mx,GTM-KZM7Q95
https://www.cetaphil-me.com,GTM-PSWXVJD
https://www.cetaphil.nl,GTM-MW9G2Z7
https://www.cetaphil.com.ph,GTM-TZMJL6D
https://www.cetaphil.pl,GTM-WTD3GTT
https://www.cetaphil.pt,GTM-WN64PSF
https://www.cetaphil.com/ro,GTM-KN4TG68
https://www.cetaphil.com.sg,GTM-P3WZ7BZ
https://www.cetaphil.co.za,GTM-K6VJD5K
https://www.cetaphil.es ,GTM-PPZPF77
https://www.cetaphil.se,GTM-KJ5F4QN
https://www.cetaphil.com.tw/,GTM-PQ78PDZ
https://www.cetaphil.co.th/,GTM-WNQXBV2
https://www.cetaphil.co.uk,GTM-THWZJ9J
https://www.cetaphil.com/us,GTM-P88FL2
https://www.cetaphil.com.vn/,GTM-PB2ZG56
https://www.cetaphil.com/tr,GTM-K74DTH4
https://www.galderma.com,GTM-PSJ6ZHK
https://www.galderma.com/au,GTM-WVS3G75
https://www.galderma.com/co,GTM-WP27SBG
https://www.galderma.com/de,GTM-W6NNJPV
https://www.galderma.com/in,GTM-NNTG7CS
https://www.galderma.com/jp,GTM-5JNTV4T
https://www.galderma.com/kr,GTM-NMHV346
https://www.galderma.com/mx,GTM-NHW4S77
https://www.galderma.com/me,GTM-P7NWJ8M
https://www.galderma.com/pt,GTM-PBFZDCH
https://www.galderma.com/ru ,GTM-WGV2ZZR
https://www.galderma.com/es,GTM-TXXMVK8
https://www.galderma.com/se,GTM-5VXCWSW
https://www.galderma.com/uk,GTM-MW2NGJN
https://www.galderma.com/us,GTM-MHC36G6
https://www.faceuptorosacea.com/,GTM-WFC8PH4
https://www.loceryl.com/de,GTM-WN89L48
https://www.curanel.ch,GTM-TCWCTW5
https://www.restylane.com/ca,GTM-WD9SQJS
https://www.restylane.com/dk,GTM-T5J4JS6
https://www.restylane.com/fi,GTM-K93M4XT
https://www.restylane.com/de,GTM-MFBXPN2
https://www.restylane.com/nl,GTM-T9JMGM9
https://www.restylane.com/no,GTM-PLDZLGM
https://www.restylane.com/pl,GTM-P9QVZMX
https://www.restylane.com,GTM-KNT68QD
https://www.restylane.com/se,GTM-NHPDHTS
https://www.restylane.com/tn/,GTM-KNT68QD
